5853a06b7805484769fe149d,58544b977805484e983140d7,0
5853a06b7805484769fe149d,58544f7a7805484f07a7b01b,1
5853a06b7805484769fe149d,58544f987805484f07a7b01c,0
5853a06b7805484769fe149d,585450687805484f2565448f,1
5853a06b7805484769fe149d,585450a97805484f54fccb7f,0
5853a06b7805484769fe149d,5854514d7805484f6dbb1f56,1
5853a06b7805484769fe149d,585451a37805484f6dbb1f57,0
5853a06b7805484769fe149d,585452107805484fb15b3801,0
5853a06b7805484769fe149d,5854915e7805484fc434c317,1
5853a06b7805484769fe149d,585492177805484fc434c318,0
5853a06b7805484769fe149d,585492507805484fc434c319,1
5853a06b7805484769fe149d,5854958f7805484fc434c31a,0
5853a06b7805484769fe149d,585af2c8780548137ef44c98,0
5853a06b7805484769fe149d,585b0a507805481401d547f1,1
5853a06b7805484769fe149d,585b0a677805481401d547f2,0
5853a06b7805484769fe149d,585b0a757805481401d547f3,1
5853a06b7805484769fe149d,585b0a7d7805481401d547f5,0
5853a06b7805484769fe149d,585b0a8d7805481401d547f6,1
5853a06b7805484769fe149d,585b0a987805481401d547f7,0
5853a06b7805484769fe149d,585b0aa17805481401d547f8,1
5853a06b7805484769fe149d,585b0aa67805481401d547f9,0
5853a06b7805484769fe149d,585b0aac7805481401d547fa,1
5853a06b7805484769fe149d,585b0ab57805481401d547fb,0
5853a06b7805484769fe149d,585b0ad47805481401d547fc,1
5853a06b7805484769fe149d,585b0ad97805481401d547fd,0
5853a06b7805484769fe149d,585b0ade7805481401d547fe,1
5853a06b7805484769fe149d,585b0ae77805481401d547ff,0
5853a06b7805484769fe149d,585b0af87805481401d54800,1
5853a06b7805484769fe149d,585b0b057805481401d54801,0
5853a06b7805484769fe149d,585b0b0a7805481401d54802,1
5853a06b7805484769fe149d,585b0b107805481401d54803,0
5853a06b7805484769fe149d,585b0b147805481401d54804,1
5853a06b7805484769fe149d,585b0b1b7805481401d54805,0
5853a06b7805484769fe149d,585b2114780548184c26c0d5,0
5853a06b7805484769fe149d,585b2322780548184c26c0d8,0
5854461e7805484dbbba9727,58544b977805484e983140d7,1
5854461e7805484dbbba9727,58544f7a7805484f07a7b01b,0
5854461e7805484dbbba9727,58544f987805484f07a7b01c,1
5854461e7805484dbbba9727,585450687805484f2565448f,0
5854461e7805484dbbba9727,585450a97805484f54fccb7f,1
5854461e7805484dbbba9727,5854514d7805484f6dbb1f56,0
5854461e7805484dbbba9727,585451a37805484f6dbb1f57,0
5854461e7805484dbbba9727,585452107805484fb15b3801,1
5854461e7805484dbbba9727,5854915e7805484fc434c317,0
5854461e7805484dbbba9727,585492177805484fc434c318,1
5854461e7805484dbbba9727,585492507805484fc434c319,0
5854461e7805484dbbba9727,5854958f7805484fc434c31a,0
5854461e7805484dbbba9727,585af2c8780548137ef44c98,0
5854461e7805484dbbba9727,585b0a507805481401d547f1,1
5854461e7805484dbbba9727,585b0a677805481401d547f2,0
5854461e7805484dbbba9727,585b0a757805481401d547f3,1
5854461e7805484dbbba9727,585b0a7d7805481401d547f5,0
5854461e7805484dbbba9727,585b0a8d7805481401d547f6,1
5854461e7805484dbbba9727,585b0a987805481401d547f7,0
5854461e7805484dbbba9727,585b0aa17805481401d547f8,1
5854461e7805484dbbba9727,585b0aa67805481401d547f9,0
5854461e7805484dbbba9727,585b0aac7805481401d547fa,1
5854461e7805484dbbba9727,585b0ab57805481401d547fb,0
5854461e7805484dbbba9727,585b0ad47805481401d547fc,1
5854461e7805484dbbba9727,585b0ad97805481401d547fd,0
5854461e7805484dbbba9727,585b0ade7805481401d547fe,1
5854461e7805484dbbba9727,585b0ae77805481401d547ff,0
5854461e7805484dbbba9727,585b0af87805481401d54800,1
5854461e7805484dbbba9727,585b0b057805481401d54801,0
5854461e7805484dbbba9727,585b0b0a7805481401d54802,1
5854461e7805484dbbba9727,585b0b107805481401d54803,0
5854461e7805484dbbba9727,585b0b147805481401d54804,1
5854461e7805484dbbba9727,585b0b1b7805481401d54805,0
5854461e7805484dbbba9727,585b2114780548184c26c0d5,0
5854461e7805484dbbba9727,585b2322780548184c26c0d8,0
58544b847805484e983140d6,58544b977805484e983140d7,1
58544b847805484e983140d6,58544f7a7805484f07a7b01b,0
58544b847805484e983140d6,58544f987805484f07a7b01c,1
58544b847805484e983140d6,585450687805484f2565448f,0
58544b847805484e983140d6,585450a97805484f54fccb7f,1
58544b847805484e983140d6,5854514d7805484f6dbb1f56,0
58544b847805484e983140d6,585451a37805484f6dbb1f57,0
58544b847805484e983140d6,585452107805484fb15b3801,1
58544b847805484e983140d6,5854915e7805484fc434c317,0
58544b847805484e983140d6,585492177805484fc434c318,0
58544b847805484e983140d6,585492507805484fc434c319,1
58544b847805484e983140d6,5854958f7805484fc434c31a,0
58544b847805484e983140d6,585af2c8780548137ef44c98,0
58544b847805484e983140d6,585b0a507805481401d547f1,0
58544b847805484e983140d6,585b0a677805481401d547f2,0
58544b847805484e983140d6,585b0a757805481401d547f3,0
58544b847805484e983140d6,585b0a7d7805481401d547f5,0
58544b847805484e983140d6,585b0a8d7805481401d547f6,0
58544b847805484e983140d6,585b0a987805481401d547f7,0
58544b847805484e983140d6,585b0aa17805481401d547f8,0
58544b847805484e983140d6,585b0aa67805481401d547f9,0
58544b847805484e983140d6,585b0aac7805481401d547fa,0
58544b847805484e983140d6,585b0ab57805481401d547fb,0
58544b847805484e983140d6,585b0ad47805481401d547fc,1
58544b847805484e983140d6,585b0ad97805481401d547fd,0
58544b847805484e983140d6,585b0ade7805481401d547fe,1
58544b847805484e983140d6,585b0ae77805481401d547ff,0
58544b847805484e983140d6,585b0af87805481401d54800,1
58544b847805484e983140d6,585b0b057805481401d54801,0
58544b847805484e983140d6,585b0b0a7805481401d54802,1
58544b847805484e983140d6,585b0b107805481401d54803,0
58544b847805484e983140d6,585b0b147805481401d54804,1
58544b847805484e983140d6,585b0b1b7805481401d54805,0
58544b847805484e983140d6,585b2114780548184c26c0d5,0
58544b847805484e983140d6,585b2322780548184c26c0d8,0
585710ed7805484fc434c31b,58544b977805484e983140d7,0
585710ed7805484fc434c31b,58544f7a7805484f07a7b01b,0
585710ed7805484fc434c31b,58544f987805484f07a7b01c,0
585710ed7805484fc434c31b,585450687805484f2565448f,0
585710ed7805484fc434c31b,585450a97805484f54fccb7f,0
585710ed7805484fc434c31b,5854514d7805484f6dbb1f56,0
585710ed7805484fc434c31b,585451a37805484f6dbb1f57,0
585710ed7805484fc434c31b,585452107805484fb15b3801,0
585710ed7805484fc434c31b,5854915e7805484fc434c317,0
585710ed7805484fc434c31b,585492177805484fc434c318,0
585710ed7805484fc434c31b,585492507805484fc434c319,0
585710ed7805484fc434c31b,5854958f7805484fc434c31a,0
585710ed7805484fc434c31b,585af2c8780548137ef44c98,0
585710ed7805484fc434c31b,585b0a507805481401d547f1,0
585710ed7805484fc434c31b,585b0a677805481401d547f2,0
585710ed7805484fc434c31b,585b0a757805481401d547f3,0
585710ed7805484fc434c31b,585b0a7d7805481401d547f5,0
585710ed7805484fc434c31b,585b0a8d7805481401d547f6,0
585710ed7805484fc434c31b,585b0a987805481401d547f7,0
585710ed7805484fc434c31b,585b0aa17805481401d547f8,0
585710ed7805484fc434c31b,585b0aa67805481401d547f9,0
585710ed7805484fc434c31b,585b0aac7805481401d547fa,0
585710ed7805484fc434c31b,585b0ab57805481401d547fb,0
585710ed7805484fc434c31b,585b0ad47805481401d547fc,0
585710ed7805484fc434c31b,585b0ad97805481401d547fd,0
585710ed7805484fc434c31b,585b0ade7805481401d547fe,0
585710ed7805484fc434c31b,585b0ae77805481401d547ff,0
585710ed7805484fc434c31b,585b0af87805481401d54800,0
585710ed7805484fc434c31b,585b0b057805481401d54801,0
585710ed7805484fc434c31b,585b0b0a7805481401d54802,0
585710ed7805484fc434c31b,585b0b107805481401d54803,0
585710ed7805484fc434c31b,585b0b147805481401d54804,0
585710ed7805484fc434c31b,585b0b1b7805481401d54805,0
585710ed7805484fc434c31b,585b2114780548184c26c0d5,0
585710ed7805484fc434c31b,585b2322780548184c26c0d8,0
585b09657805481401d547ec,58544b977805484e983140d7,0
585b09657805481401d547ec,58544f7a7805484f07a7b01b,0
585b09657805481401d547ec,58544f987805484f07a7b01c,0
585b09657805481401d547ec,585450687805484f2565448f,0
585b09657805481401d547ec,585450a97805484f54fccb7f,0
585b09657805481401d547ec,5854514d7805484f6dbb1f56,0
585b09657805481401d547ec,585451a37805484f6dbb1f57,0
585b09657805481401d547ec,585452107805484fb15b3801,0
585b09657805481401d547ec,5854915e7805484fc434c317,0
585b09657805481401d547ec,585492177805484fc434c318,0
585b09657805481401d547ec,585492507805484fc434c319,0
585b09657805481401d547ec,5854958f7805484fc434c31a,0
585b09657805481401d547ec,585af2c8780548137ef44c98,0
585b09657805481401d547ec,585b0a507805481401d547f1,0
585b09657805481401d547ec,585b0a677805481401d547f2,0
585b09657805481401d547ec,585b0a757805481401d547f3,0
585b09657805481401d547ec,585b0a7d7805481401d547f5,0
585b09657805481401d547ec,585b0a8d7805481401d547f6,0
585b09657805481401d547ec,585b0a987805481401d547f7,0
585b09657805481401d547ec,585b0aa17805481401d547f8,0
585b09657805481401d547ec,585b0aa67805481401d547f9,0
585b09657805481401d547ec,585b0aac7805481401d547fa,0
585b09657805481401d547ec,585b0ab57805481401d547fb,0
585b09657805481401d547ec,585b0ad47805481401d547fc,0
585b09657805481401d547ec,585b0ad97805481401d547fd,0
585b09657805481401d547ec,585b0ade7805481401d547fe,0
585b09657805481401d547ec,585b0ae77805481401d547ff,0
585b09657805481401d547ec,585b0af87805481401d54800,0
585b09657805481401d547ec,585b0b057805481401d54801,0
585b09657805481401d547ec,585b0b0a7805481401d54802,0
585b09657805481401d547ec,585b0b107805481401d54803,0
585b09657805481401d547ec,585b0b147805481401d54804,0
585b09657805481401d547ec,585b0b1b7805481401d54805,0
585b09657805481401d547ec,585b2114780548184c26c0d5,0
585b09657805481401d547ec,585b2322780548184c26c0d8,0
585b09927805481401d547ed,58544b977805484e983140d7,0
585b09927805481401d547ed,58544f7a7805484f07a7b01b,1
585b09927805481401d547ed,58544f987805484f07a7b01c,0
585b09927805481401d547ed,585450687805484f2565448f,1
585b09927805481401d547ed,585450a97805484f54fccb7f,0
585b09927805481401d547ed,5854514d7805484f6dbb1f56,1
585b09927805481401d547ed,585451a37805484f6dbb1f57,0
585b09927805481401d547ed,585452107805484fb15b3801,0
585b09927805481401d547ed,5854915e7805484fc434c317,1
585b09927805481401d547ed,585492177805484fc434c318,0
585b09927805481401d547ed,585492507805484fc434c319,1
585b09927805481401d547ed,5854958f7805484fc434c31a,0
585b09927805481401d547ed,585af2c8780548137ef44c98,0
585b09927805481401d547ed,585b0a507805481401d547f1,0
585b09927805481401d547ed,585b0a677805481401d547f2,1
585b09927805481401d547ed,585b0a757805481401d547f3,0
585b09927805481401d547ed,585b0a7d7805481401d547f5,0
585b09927805481401d547ed,585b0a8d7805481401d547f6,0
585b09927805481401d547ed,585b0a987805481401d547f7,1
585b09927805481401d547ed,585b0aa17805481401d547f8,0
585b09927805481401d547ed,585b0aa67805481401d547f9,1
585b09927805481401d547ed,585b0aac7805481401d547fa,0
585b09927805481401d547ed,585b0ab57805481401d547fb,1
585b09927805481401d547ed,585b0ad47805481401d547fc,1
585b09927805481401d547ed,585b0ad97805481401d547fd,1
585b09927805481401d547ed,585b0ade7805481401d547fe,0
585b09927805481401d547ed,585b0ae77805481401d547ff,1
585b09927805481401d547ed,585b0af87805481401d54800,0
585b09927805481401d547ed,585b0b057805481401d54801,1
585b09927805481401d547ed,585b0b0a7805481401d54802,1
585b09927805481401d547ed,585b0b107805481401d54803,1
585b09927805481401d547ed,585b0b147805481401d54804,0
585b09927805481401d547ed,585b0b1b7805481401d54805,1
585b09927805481401d547ed,585b2114780548184c26c0d5,0
585b09927805481401d547ed,585b2322780548184c26c0d8,0
585b09c27805481401d547ee,58544b977805484e983140d7,0
585b09c27805481401d547ee,58544f7a7805484f07a7b01b,0
585b09c27805481401d547ee,58544f987805484f07a7b01c,0
585b09c27805481401d547ee,585450687805484f2565448f,0
585b09c27805481401d547ee,585450a97805484f54fccb7f,0
585b09c27805481401d547ee,5854514d7805484f6dbb1f56,0
585b09c27805481401d547ee,585451a37805484f6dbb1f57,0
585b09c27805481401d547ee,585452107805484fb15b3801,0
585b09c27805481401d547ee,5854915e7805484fc434c317,0
585b09c27805481401d547ee,585492177805484fc434c318,0
585b09c27805481401d547ee,585492507805484fc434c319,0
585b09c27805481401d547ee,5854958f7805484fc434c31a,0
585b09c27805481401d547ee,585af2c8780548137ef44c98,0
585b09c27805481401d547ee,585b0a507805481401d547f1,0
585b09c27805481401d547ee,585b0a677805481401d547f2,0
585b09c27805481401d547ee,585b0a757805481401d547f3,0
585b09c27805481401d547ee,585b0a7d7805481401d547f5,0
585b09c27805481401d547ee,585b0a8d7805481401d547f6,0
585b09c27805481401d547ee,585b0a987805481401d547f7,0
585b09c27805481401d547ee,585b0aa17805481401d547f8,0
585b09c27805481401d547ee,585b0aa67805481401d547f9,0
585b09c27805481401d547ee,585b0aac7805481401d547fa,0
585b09c27805481401d547ee,585b0ab57805481401d547fb,0
585b09c27805481401d547ee,585b0ad47805481401d547fc,0
585b09c27805481401d547ee,585b0ad97805481401d547fd,0
585b09c27805481401d547ee,585b0ade7805481401d547fe,0
585b09c27805481401d547ee,585b0ae77805481401d547ff,0
585b09c27805481401d547ee,585b0af87805481401d54800,0
585b09c27805481401d547ee,585b0b057805481401d54801,0
585b09c27805481401d547ee,585b0b0a7805481401d54802,0
585b09c27805481401d547ee,585b0b107805481401d54803,0
585b09c27805481401d547ee,585b0b147805481401d54804,0
585b09c27805481401d547ee,585b0b1b7805481401d54805,0
585b09c27805481401d547ee,585b2114780548184c26c0d5,0
585b09c27805481401d547ee,585b2322780548184c26c0d8,0
585b0a0d7805481401d547ef,58544b977805484e983140d7,0
585b0a0d7805481401d547ef,58544f7a7805484f07a7b01b,0
585b0a0d7805481401d547ef,58544f987805484f07a7b01c,0
585b0a0d7805481401d547ef,585450687805484f2565448f,0
585b0a0d7805481401d547ef,585450a97805484f54fccb7f,0
585b0a0d7805481401d547ef,5854514d7805484f6dbb1f56,0
585b0a0d7805481401d547ef,585451a37805484f6dbb1f57,0
585b0a0d7805481401d547ef,585452107805484fb15b3801,0
585b0a0d7805481401d547ef,5854915e7805484fc434c317,0
585b0a0d7805481401d547ef,585492177805484fc434c318,0
585b0a0d7805481401d547ef,585492507805484fc434c319,0
585b0a0d7805481401d547ef,5854958f7805484fc434c31a,0
585b0a0d7805481401d547ef,585af2c8780548137ef44c98,0
585b0a0d7805481401d547ef,585b0a507805481401d547f1,0
585b0a0d7805481401d547ef,585b0a677805481401d547f2,0
585b0a0d7805481401d547ef,585b0a757805481401d547f3,0
585b0a0d7805481401d547ef,585b0a7d7805481401d547f5,0
585b0a0d7805481401d547ef,585b0a8d7805481401d547f6,0
585b0a0d7805481401d547ef,585b0a987805481401d547f7,0
585b0a0d7805481401d547ef,585b0aa17805481401d547f8,0
585b0a0d7805481401d547ef,585b0aa67805481401d547f9,0
585b0a0d7805481401d547ef,585b0aac7805481401d547fa,0
585b0a0d7805481401d547ef,585b0ab57805481401d547fb,0
585b0a0d7805481401d547ef,585b0ad47805481401d547fc,0
585b0a0d7805481401d547ef,585b0ad97805481401d547fd,0
585b0a0d7805481401d547ef,585b0ade7805481401d547fe,0
585b0a0d7805481401d547ef,585b0ae77805481401d547ff,0
585b0a0d7805481401d547ef,585b0af87805481401d54800,0
585b0a0d7805481401d547ef,585b0b057805481401d54801,0
585b0a0d7805481401d547ef,585b0b0a7805481401d54802,0
585b0a0d7805481401d547ef,585b0b107805481401d54803,0
585b0a0d7805481401d547ef,585b0b147805481401d54804,0
585b0a0d7805481401d547ef,585b0b1b7805481401d54805,0
585b0a0d7805481401d547ef,585b2114780548184c26c0d5,0
585b0a0d7805481401d547ef,585b2322780548184c26c0d8,0
585b0a3b7805481401d547f0,58544b977805484e983140d7,0
585b0a3b7805481401d547f0,58544f7a7805484f07a7b01b,0
585b0a3b7805481401d547f0,58544f987805484f07a7b01c,0
585b0a3b7805481401d547f0,585450687805484f2565448f,0
585b0a3b7805481401d547f0,585450a97805484f54fccb7f,0
585b0a3b7805481401d547f0,5854514d7805484f6dbb1f56,0
585b0a3b7805481401d547f0,585451a37805484f6dbb1f57,0
585b0a3b7805481401d547f0,585452107805484fb15b3801,0
585b0a3b7805481401d547f0,5854915e7805484fc434c317,0
585b0a3b7805481401d547f0,585492177805484fc434c318,0
585b0a3b7805481401d547f0,585492507805484fc434c319,0
585b0a3b7805481401d547f0,5854958f7805484fc434c31a,0
585b0a3b7805481401d547f0,585af2c8780548137ef44c98,0
585b0a3b7805481401d547f0,585b0a507805481401d547f1,0
585b0a3b7805481401d547f0,585b0a677805481401d547f2,0
585b0a3b7805481401d547f0,585b0a757805481401d547f3,0
585b0a3b7805481401d547f0,585b0a7d7805481401d547f5,0
585b0a3b7805481401d547f0,585b0a8d7805481401d547f6,0
585b0a3b7805481401d547f0,585b0a987805481401d547f7,0
585b0a3b7805481401d547f0,585b0aa17805481401d547f8,0
585b0a3b7805481401d547f0,585b0aa67805481401d547f9,0
585b0a3b7805481401d547f0,585b0aac7805481401d547fa,0
585b0a3b7805481401d547f0,585b0ab57805481401d547fb,0
585b0a3b7805481401d547f0,585b0ad47805481401d547fc,0
585b0a3b7805481401d547f0,585b0ad97805481401d547fd,0
585b0a3b7805481401d547f0,585b0ade7805481401d547fe,0
585b0a3b7805481401d547f0,585b0ae77805481401d547ff,0
585b0a3b7805481401d547f0,585b0af87805481401d54800,0
585b0a3b7805481401d547f0,585b0b057805481401d54801,0
585b0a3b7805481401d547f0,585b0b0a7805481401d54802,0
585b0a3b7805481401d547f0,585b0b107805481401d54803,0
585b0a3b7805481401d547f0,585b0b147805481401d54804,0
585b0a3b7805481401d547f0,585b0b1b7805481401d54805,0
585b0a3b7805481401d547f0,585b2114780548184c26c0d5,0
585b0a3b7805481401d547f0,585b2322780548184c26c0d8,0
585b0a7b7805481401d547f4,58544b977805484e983140d7,0
585b0a7b7805481401d547f4,58544f7a7805484f07a7b01b,0
585b0a7b7805481401d547f4,58544f987805484f07a7b01c,0
585b0a7b7805481401d547f4,585450687805484f2565448f,0
585b0a7b7805481401d547f4,585450a97805484f54fccb7f,0
585b0a7b7805481401d547f4,5854514d7805484f6dbb1f56,0
585b0a7b7805481401d547f4,585451a37805484f6dbb1f57,0
585b0a7b7805481401d547f4,585452107805484fb15b3801,0
585b0a7b7805481401d547f4,5854915e7805484fc434c317,0
585b0a7b7805481401d547f4,585492177805484fc434c318,0
585b0a7b7805481401d547f4,585492507805484fc434c319,0
585b0a7b7805481401d547f4,5854958f7805484fc434c31a,0
585b0a7b7805481401d547f4,585af2c8780548137ef44c98,0
585b0a7b7805481401d547f4,585b0a507805481401d547f1,0
585b0a7b7805481401d547f4,585b0a677805481401d547f2,0
585b0a7b7805481401d547f4,585b0a757805481401d547f3,0
585b0a7b7805481401d547f4,585b0a7d7805481401d547f5,0
585b0a7b7805481401d547f4,585b0a8d7805481401d547f6,0
585b0a7b7805481401d547f4,585b0a987805481401d547f7,0
585b0a7b7805481401d547f4,585b0aa17805481401d547f8,0
585b0a7b7805481401d547f4,585b0aa67805481401d547f9,0
585b0a7b7805481401d547f4,585b0aac7805481401d547fa,0
585b0a7b7805481401d547f4,585b0ab57805481401d547fb,0
585b0a7b7805481401d547f4,585b0ad47805481401d547fc,0
585b0a7b7805481401d547f4,585b0ad97805481401d547fd,0
585b0a7b7805481401d547f4,585b0ade7805481401d547fe,0
585b0a7b7805481401d547f4,585b0ae77805481401d547ff,0
585b0a7b7805481401d547f4,585b0af87805481401d54800,0
585b0a7b7805481401d547f4,585b0b057805481401d54801,0
585b0a7b7805481401d547f4,585b0b0a7805481401d54802,0
585b0a7b7805481401d547f4,585b0b107805481401d54803,0
585b0a7b7805481401d547f4,585b0b147805481401d54804,0
585b0a7b7805481401d547f4,585b0b1b7805481401d54805,0
585b0a7b7805481401d547f4,585b2114780548184c26c0d5,0
585b0a7b7805481401d547f4,585b2322780548184c26c0d8,0
585b22c9780548184c26c0d6,58544b977805484e983140d7,0
585b22c9780548184c26c0d6,58544f7a7805484f07a7b01b,0
585b22c9780548184c26c0d6,58544f987805484f07a7b01c,0
585b22c9780548184c26c0d6,585450687805484f2565448f,0
585b22c9780548184c26c0d6,585450a97805484f54fccb7f,0
585b22c9780548184c26c0d6,5854514d7805484f6dbb1f56,0
585b22c9780548184c26c0d6,585451a37805484f6dbb1f57,0
585b22c9780548184c26c0d6,585452107805484fb15b3801,0
585b22c9780548184c26c0d6,5854915e7805484fc434c317,0
585b22c9780548184c26c0d6,585492177805484fc434c318,0
585b22c9780548184c26c0d6,585492507805484fc434c319,0
585b22c9780548184c26c0d6,5854958f7805484fc434c31a,0
585b22c9780548184c26c0d6,585af2c8780548137ef44c98,0
585b22c9780548184c26c0d6,585b0a507805481401d547f1,0
585b22c9780548184c26c0d6,585b0a677805481401d547f2,0
585b22c9780548184c26c0d6,585b0a757805481401d547f3,0
585b22c9780548184c26c0d6,585b0a7d7805481401d547f5,0
585b22c9780548184c26c0d6,585b0a8d7805481401d547f6,0
585b22c9780548184c26c0d6,585b0a987805481401d547f7,0
585b22c9780548184c26c0d6,585b0aa17805481401d547f8,0
585b22c9780548184c26c0d6,585b0aa67805481401d547f9,0
585b22c9780548184c26c0d6,585b0aac7805481401d547fa,0
585b22c9780548184c26c0d6,585b0ab57805481401d547fb,0
585b22c9780548184c26c0d6,585b0ad47805481401d547fc,0
585b22c9780548184c26c0d6,585b0ad97805481401d547fd,0
585b22c9780548184c26c0d6,585b0ade7805481401d547fe,0
585b22c9780548184c26c0d6,585b0ae77805481401d547ff,0
585b22c9780548184c26c0d6,585b0af87805481401d54800,0
585b22c9780548184c26c0d6,585b0b057805481401d54801,0
585b22c9780548184c26c0d6,585b0b0a7805481401d54802,0
585b22c9780548184c26c0d6,585b0b107805481401d54803,0
585b22c9780548184c26c0d6,585b0b147805481401d54804,0
585b22c9780548184c26c0d6,585b0b1b7805481401d54805,0
585b22c9780548184c26c0d6,585b2114780548184c26c0d5,0
585b22c9780548184c26c0d6,585b2322780548184c26c0d8,0